"Time (s)","Latitude (째)","Longitude (째)","Height (m)","Velocity (m/s)","Direction (째)","Horizontal Accuracy (m)","Vertical Accuracy (째)"
1.392740011E-1,4.780487527E1,9.096893858E0,6.314257202E2,-1.000000000E0,-1.000000000E0,6.859466067E2,6.859466067E2
5.276351929E0,4.780484778E1,9.096861742E0,6.221774445E2,3.630000114E0,2.109375000E2,3.000000000E1,3.000000000E1
5.968349934E0,4.780481367E1,9.096831400E0,6.308317413E2,3.630000114E0,2.109375000E2,3.000000000E1,3.000000000E1
2.426842999E1,4.780436801E1,9.096434920E0,6.308317261E2,-1.000000000E0,-1.000000000E0,2.981158448E2,2.981158448E2
2.428602898E1,4.780436764E1,9.096434591E0,6.308317261E2,-1.000000000E0,-1.000000000E0,2.981162026E2,2.981162026E2
2.893129575E1,4.780492657E1,9.096786892E0,6.270269318E2,2.500000000E-1,2.109375000E2,1.000000000E1,1.000000000E1
3.031729817E1,4.780490248E1,9.096426805E0,6.442902374E2,9.900000095E-1,3.283593750E2,3.000000000E1,3.000000000E1
3.131729960E1,4.780493575E1,9.096630318E0,6.269152374E2,9.900000095E-1,3.336328125E2,1.000000000E1,1.000000000E1
3.231730163E1,4.780498001E1,9.096689243E0,6.351010284E2,1.059999943E0,3.452343750E2,1.000000000E1,1.000000000E1
3.331730247E1,4.780498328E1,9.096688572E0,6.382848663E2,2.650000095E0,3.508593750E2,5.000000000E0,5.000000000E0
3.431730425E1,4.780498349E1,9.096682370E0,6.393459015E2,2.650000095E0,3.589453125E2,5.000000000E0,5.000000000E0
3.531730580E1,4.780498152E1,9.096678514E0,6.387169952E2,1.990000010E0,3.118359375E2,5.000000000E0,5.000000000E0
3.631730783E1,4.780497460E1,9.096678765E0,6.389182892E2,9.800000191E-1,3.339843750E2,5.000000000E0,5.000000000E0
3.731730926E1,4.780498219E1,9.096672814E0,6.387067413E2,1.379999995E0,3.462890625E2,5.000000000E0,5.000000000E0
3.831731045E1,4.780499530E1,9.096664852E0,6.395448761E2,2.579999924E0,3.487500000E2,5.000000000E0,5.000000000E0
3.931731200E1,4.780499530E1,9.096664852E0,6.399788361E2,0.000000000E0,3.487500000E2,5.000000000E0,5.000000000E0
4.031731379E1,4.780499530E1,9.096664852E0,6.347541046E2,0.000000000E0,3.487500000E2,5.000000000E0,5.000000000E0
4.131731606E1,4.780499530E1,9.096664852E0,6.345208282E2,0.000000000E0,3.487500000E2,5.000000000E0,5.000000000E0
4.231731677E1,4.780496760E1,9.096688572E0,6.337630157E2,8.100000024E-1,3.171093750E2,5.000000000E0,5.000000000E0
4.331731844E1,4.780498738E1,9.096661415E0,6.325431671E2,8.100000024E-1,3.476953125E2,5.000000000E0,5.000000000E0
4.431732070E1,4.780499694E1,9.096654961E0,6.310242462E2,1.159999967E0,3.378515625E2,5.000000000E0,5.000000000E0
4.531732178E1,4.780500063E1,9.096647417E0,6.293524933E2,6.200000048E-1,2.598046875E2,5.000000000E0,5.000000000E0
4.631732345E1,4.780500205E1,9.096642220E0,6.271073761E2,6.200000048E-1,3.325781250E2,5.000000000E0,5.000000000E0
4.731732476E1,4.780501215E1,9.096635431E0,6.282455597E2,6.200000048E-1,3.378515625E2,5.000000000E0,5.000000000E0
4.831732702E1,4.780502284E1,9.096630570E0,6.268673859E2,1.049999952E0,3.462890625E2,5.000000000E0,5.000000000E0
4.931732774E1,4.780502816E1,9.096632330E0,6.267082062E2,1.039999962E0,3.308203125E2,5.000000000E0,5.000000000E0
5.031732988E1,4.780503856E1,9.096632162E0,6.273595734E2,1.600000024E0,3.248437500E2,5.000000000E0,5.000000000E0
5.131733131E1,4.780504937E1,9.096627049E0,6.279489288E2,1.039999962E0,3.308203125E2,5.000000000E0,5.000000000E0
5.231733322E1,4.780505553E1,9.096625540E0,6.273874054E2,9.700000286E-1,3.403125000E2,5.000000000E0,5.000000000E0
5.331733477E1,4.780506404E1,9.096615901E0,6.293668976E2,1.600000024E0,3.234375000E2,5.000000000E0,5.000000000E0
5.431733680E1,4.780507263E1,9.096598299E0,6.285946808E2,1.600000024E0,3.023437500E2,5.000000000E0,5.000000000E0
5.531733847E1,4.780507879E1,9.096579524E0,6.291565704E2,1.600000024E0,2.988281250E2,5.000000000E0,5.000000000E0
5.631733906E1,4.780508365E1,9.096568376E0,6.306962433E2,9.499999881E-1,3.041015625E2,5.000000000E0,5.000000000E0
5.731734145E1,4.780509090E1,9.096560329E0,6.323327179E2,9.200000167E-1,3.206250000E2,5.000000000E0,5.000000000E0
5.831734324E1,4.780509932E1,9.096553121E0,6.325575714E2,9.200000167E-1,3.234375000E2,5.000000000E0,5.000000000E0
5.931734467E1,4.780509932E1,9.096553121E0,6.333985138E2,0.000000000E0,3.234375000E2,5.000000000E0,5.000000000E0
6.031734633E1,4.780510993E1,9.096539626E0,6.326455841E2,8.799999952E-1,3.336328125E2,5.000000000E0,5.000000000E0
6.131734776E1,4.780511705E1,9.096533675E0,6.331874542E2,8.899999857E-1,3.375000000E2,5.000000000E0,5.000000000E0
6.231734943E1,4.780511705E1,9.096533675E0,6.344854279E2,0.000000000E0,3.311718750E2,5.000000000E0,5.000000000E0
6.331735051E1,4.780511705E1,9.096521186E0,6.339911652E2,7.200000286E-1,3.445312500E2,5.000000000E0,5.000000000E0
6.431735349E1,4.780512845E1,9.096519426E0,6.342394562E2,7.200000286E-1,3.434765625E2,5.000000000E0,5.000000000E0
6.531735384E1,4.780513847E1,9.096516576E0,6.348601837E2,8.500000238E-1,3.424218750E2,5.000000000E0,5.000000000E0
6.631735587E1,4.780514358E1,9.096513055E0,6.348512726E2,8.500000238E-1,3.332812500E2,5.000000000E0,5.000000000E0
6.731735694E1,4.780514358E1,9.096513055E0,6.354870148E2,0.000000000E0,3.206250000E2,5.000000000E0,5.000000000E0
6.831735933E1,4.780514358E1,9.096513055E0,6.351315460E2,0.000000000E0,3.206250000E2,5.000000000E0,5.000000000E0
6.931736088E1,4.780513566E1,9.096512636E0,6.365363312E2,1.210000038E0,3.171093750E2,5.000000000E0,5.000000000E0
7.031736183E1,4.780512640E1,9.096497968E0,6.377697296E2,1.210000038E0,2.387109375E2,5.000000000E0,5.000000000E0
7.131736386E1,4.780511986E1,9.096486401E0,6.361454620E2,1.070000052E0,2.390625000E2,5.000000000E0,5.000000000E0
7.231736481E1,4.780512149E1,9.096479528E0,6.321457062E2,4.099999964E-1,2.397656250E2,1.000000000E1,1.000000000E1
7.331736743E1,4.780513243E1,9.096466368E0,6.309853058E2,6.100000143E-1,2.404687500E2,1.000000000E1,1.000000000E1
7.431736863E1,4.780514299E1,9.096452957E0,6.294455109E2,6.100000143E-1,2.404687500E2,1.000000000E1,1.000000000E1
7.531737018E1,4.780514299E1,9.096452957E0,6.302133331E2,0.000000000E0,2.401171875E2,1.000000000E1,1.000000000E1
7.631737161E1,4.780514299E1,9.096452957E0,6.276178741E2,0.000000000E0,2.401171875E2,1.000000000E1,1.000000000E1
7.731737339E1,4.780514299E1,9.096452957E0,6.250866241E2,0.000000000E0,2.401171875E2,1.000000000E1,1.000000000E1
7.831737423E1,4.780514299E1,9.096452957E0,6.228002472E2,0.000000000E0,2.401171875E2,1.000000000E1,1.000000000E1
7.931737602E1,4.780518616E1,9.096433511E0,6.205076447E2,0.000000000E0,2.401171875E2,1.000000000E1,1.000000000E1
8.031737781E1,4.780518616E1,9.096433511E0,6.193703156E2,0.000000000E0,3.086718750E2,1.000000000E1,1.000000000E1
8.131737971E1,4.780519928E1,9.096412808E0,6.301273956E2,1.200000048E0,2.404687500E2,1.000000000E1,1.000000000E1
8.231738079E1,4.780521244E1,9.096400905E0,6.243136749E2,1.370000005E0,3.237890625E2,5.000000000E0,5.000000000E0
8.331738210E1,4.780522111E1,9.096391099E0,6.331662140E2,1.200000048E0,2.404687500E2,5.000000000E0,5.000000000E0
8.431738472E1,4.780522790E1,9.096384561E0,6.296667023E2,6.399999857E-1,2.404687500E2,5.000000000E0,5.000000000E0
8.531738567E1,4.780523364E1,9.096376430E0,6.271706085E2,8.700000048E-1,3.311718750E2,5.000000000E0,5.000000000E0
8.631738675E1,4.780523666E1,9.096371736E0,6.342506866E2,8.700000048E-1,2.404687500E2,5.000000000E0,5.000000000E0
8.731738913E1,4.780523922E1,9.096371150E0,6.294723663E2,5.400000215E-1,2.404687500E2,5.000000000E0,5.000000000E0
8.831739104E1,4.780524031E1,9.096366875E0,6.265334015E2,5.400000215E-1,3.357421875E2,5.000000000E0,5.000000000E0
8.931739211E1,4.780523968E1,9.096361427E0,6.331925812E2,4.399999976E-1,2.404687500E2,5.000000000E0,5.000000000E0
9.031739366E1,4.780523922E1,9.096353883E0,6.330187220E2,6.100000143E-1,2.404687500E2,5.000000000E0,5.000000000E0
9.131739545E1,4.780523922E1,9.096353883E0,6.332995540E2,0.000000000E0,2.404687500E2,1.000000000E1,1.000000000E1
9.231739783E1,4.780523922E1,9.096353883E0,6.333114456E2,0.000000000E0,2.404687500E2,1.000000000E1,1.000000000E1
9.331739891E1,4.780523922E1,9.096353883E0,6.334539030E2,0.000000000E0,2.404687500E2,1.000000000E1,1.000000000E1
9.431740010E1,4.780523922E1,9.096353883E0,6.333303122E2,0.000000000E0,2.404687500E2,1.000000000E1,1.000000000E1
9.531740141E1,4.780523922E1,9.096353883E0,6.335399231E2,0.000000000E0,2.404687500E2,1.000000000E1,1.000000000E1
9.631740332E1,4.780523922E1,9.096353883E0,6.335678992E2,0.000000000E0,3.093750000E2,1.000000000E1,1.000000000E1
9.731740558E1,4.780524337E1,9.096325468E0,6.335538733E2,2.899999917E-1,2.404687500E2,1.000000000E1,1.000000000E1
9.831740713E1,4.780524496E1,9.096310548E0,6.336633571E2,6.499999762E-1,3.160546875E2,1.000000000E1,1.000000000E1
9.931740880E1,4.780524886E1,9.096296048E0,6.335252719E2,4.499999881E-1,3.118359375E2,1.000000000E1,1.000000000E1
1.003174105E2,4.780525305E1,9.096282301E0,6.337312652E2,6.499999762E-1,3.086718750E2,1.000000000E1,1.000000000E1
1.013174113E2,4.780525686E1,9.096265370E0,6.339119256E2,7.099999785E-1,3.002343750E2,1.000000000E1,1.000000000E1
1.023174132E2,4.780525720E1,9.096245924E0,6.336908907E2,7.099999785E-1,2.935546875E2,1.000000000E1,1.000000000E1
1.033174148E2,4.780526105E1,9.096228322E0,6.340193857E2,6.299999952E-1,3.009375000E2,1.000000000E1,1.000000000E1
1.043174165E2,4.780526537E1,9.096208792E0,6.341721482E2,6.299999952E-1,3.012890625E2,1.000000000E1,1.000000000E1
1.053174176E2,4.780527073E1,9.096191693E0,6.339874265E2,7.300000191E-1,3.093750000E2,1.000000000E1,1.000000000E1
1.063174191E2,4.780527790E1,9.096175516E0,6.341776463E2,8.299999833E-1,3.072656250E2,1.000000000E1,1.000000000E1
1.073174214E2,4.780528523E1,9.096158501E0,6.342685789E2,8.299999833E-1,3.160546875E2,1.000000000E1,1.000000000E1
1.083174227E2,4.780529504E1,9.096144671E0,6.344491445E2,8.600000143E-1,3.244921875E2,1.000000000E1,1.000000000E1
1.093174241E2,4.780530560E1,9.096134529E0,6.343157618E2,7.799999714E-1,3.294140625E2,1.000000000E1,1.000000000E1
1.103174255E2,4.780531658E1,9.096126482E0,6.343863962E2,7.799999714E-1,3.315234375E2,1.000000000E1,1.000000000E1
1.113174272E2,4.780532635E1,9.096119860E0,6.345672064E2,7.799999714E-1,3.164062500E2,1.000000000E1,1.000000000E1
1.123174292E2,4.780533435E1,9.096110137E0,6.347906228E2,6.700000167E-1,3.128906250E2,1.000000000E1,1.000000000E1
1.133174306E2,4.780534232E1,9.096100247E0,6.344747016E2,8.399999738E-1,3.121875000E2,1.000000000E1,1.000000000E1
1.143174318E2,4.780534684E1,9.096088763E0,6.348725024E2,8.399999738E-1,3.097265625E2,1.000000000E1,1.000000000E1
1.153174335E2,4.780535120E1,9.096078705E0,6.350413889E2,7.799999714E-1,3.142968750E2,1.000000000E1,1.000000000E1
1.163174355E2,4.780535418E1,9.096067054E0,6.350220707E2,6.800000072E-1,3.048046875E2,1.000000000E1,1.000000000E1
1.173174367E2,4.780535845E1,9.096059175E0,6.351111467E2,7.300000191E-1,3.192187500E2,1.000000000E1,1.000000000E1
1.183174385E2,4.780536243E1,9.096049368E0,6.351407969E2,7.300000191E-1,3.062109375E2,1.000000000E1,1.000000000E1
1.193174410E2,4.780536641E1,9.096038723E0,6.355342750E2,7.300000191E-1,3.069140625E2,1.000000000E1,1.000000000E1
1.203174421E2,4.780537098E1,9.096027995E0,6.352619721E2,6.899999976E-1,3.051562500E2,1.000000000E1,1.000000000E1
1.213174437E2,4.780537614E1,9.096018104E0,6.357609603E2,7.200000286E-1,3.206250000E2,1.000000000E1,1.000000000E1
1.223174447E2,4.780538335E1,9.096009471E0,6.354616261E2,7.699999809E-1,3.234375000E2,1.000000000E1,1.000000000E1
1.233174468E2,4.780538909E1,9.095994635E0,6.356678655E2,7.699999809E-1,3.076171875E2,1.000000000E1,1.000000000E1
1.243174484E2,4.780539332E1,9.095980804E0,6.359053015E2,7.699999809E-1,3.033984375E2,1.000000000E1,1.000000000E1
1.253174498E2,4.780539445E1,9.095972339E0,6.359700424E2,6.299999952E-1,3.178125000E2,1.000000000E1,1.000000000E1
1.263174512E2,4.780539894E1,9.095968567E0,6.360436688E2,6.299999952E-1,3.592968750E2,1.000000000E1,1.000000000E1
1.273174531E2,4.780540279E1,9.095961861E0,6.363047895E2,6.299999952E-1,3.389062500E2,1.000000000E1,1.000000000E1
1.283174541E2,4.780540816E1,9.095950043E0,6.362256019E2,7.699999809E-1,3.019921875E2,1.000000000E1,1.000000000E1
1.293174565E2,4.780541075E1,9.095938643E0,6.363924215E2,7.400000095E-1,3.002343750E2,1.000000000E1,1.000000000E1
1.303174576E2,4.780541499E1,9.095935039E0,6.364346279E2,7.400000095E-1,3.188671875E2,1.000000000E1,1.000000000E1
1.313174586E2,4.780542132E1,9.095933279E0,6.361903533E2,6.899999976E-1,3.378515625E2,1.000000000E1,1.000000000E1
1.323174610E2,4.780542873E1,9.095931686E0,6.366448697E2,6.899999976E-1,3.311718750E2,1.000000000E1,1.000000000E1
1.333174620E2,4.780543334E1,9.095925316E0,6.368864152E2,8.000000119E-1,3.153515625E2,1.000000000E1,1.000000000E1
1.343174647E2,4.780543783E1,9.095915174E0,6.370425908E2,1.049999952E0,3.048046875E2,1.000000000E1,1.000000000E1
1.353174652E2,4.780543980E1,9.095908133E0,6.371091106E2,8.000000119E-1,2.939062500E2,1.000000000E1,1.000000000E1
1.363174672E2,4.780543833E1,9.095896231E0,6.369572932E2,1.049999952E0,2.798437500E2,1.000000000E1,1.000000000E1
1.373174688E2,4.780543879E1,9.095882820E0,6.371567018E2,8.199999928E-1,2.689453125E2,1.000000000E1,1.000000000E1
1.383174706E2,4.780543762E1,9.095877791E0,6.372790797E2,2.399999946E-1,2.714062500E2,1.000000000E1,1.000000000E1
1.393174720E2,4.780543603E1,9.095868990E0,6.374805222E2,8.199999928E-1,2.678906250E2,1.000000000E1,1.000000000E1
1.403174733E2,4.780543406E1,9.095855998E0,6.377203608E2,8.299999833E-1,2.489062500E2,1.000000000E1,1.000000000E1
1.413174753E2,4.780543489E1,9.095850550E0,6.376981769E2,3.499999940E-1,2.527734375E2,1.000000000E1,1.000000000E1
1.423174767E2,4.780543913E1,9.095846275E0,6.379052085E2,4.900000095E-1,2.735156250E2,1.000000000E1,1.000000000E1
1.433174782E2,4.780544960E1,9.095845353E0,6.378846693E2,4.900000095E-1,3.571875000E2,1.000000000E1,1.000000000E1
1.443174796E2,4.780546310E1,9.095847113E0,6.385041146E2,6.299999952E-1,3.571875000E2,1.000000000E1,1.000000000E1
1.453174814E2,4.780547400E1,9.095850298E0,6.384109305E2,4.799999893E-1,3.571875000E2,1.000000000E1,1.000000000E1
1.463174835E2,4.780548716E1,9.095847532E0,6.386028316E2,1.330000043E0,3.568359375E2,1.000000000E1,1.000000000E1
1.473174847E2,4.780549851E1,9.095842084E0,6.386659771E2,6.899999976E-1,1.019531250E1,1.000000000E1,1.000000000E1
1.483174859E2,4.780550455E1,9.095837390E0,6.385171759E2,6.899999976E-1,1.019531250E1,1.000000000E1,1.000000000E1
1.493174878E2,4.780551155E1,9.095829679E0,6.390498213E2,8.500000238E-1,9.492187500E0,1.000000000E1,1.000000000E1
1.503174901E2,4.780551926E1,9.095817525E0,6.392096665E2,1.090000033E0,9.492187500E0,1.000000000E1,1.000000000E1
1.513174909E2,4.780552877E1,9.095806293E0,6.388011363E2,1.090000033E0,9.492187500E0,1.000000000E1,1.000000000E1
1.523174936E2,4.780553619E1,9.095798163E0,6.392338629E2,1.090000033E0,9.492187500E0,1.000000000E1,1.000000000E1
1.533174943E2,4.780554076E1,9.095790787E0,6.394385076E2,6.800000072E-1,9.492187500E0,1.000000000E1,1.000000000E1
1.543174957E2,4.780554608E1,9.095781483E0,6.392990827E2,8.700000048E-1,9.492187500E0,1.000000000E1,1.000000000E1
1.553174980E2,4.780555107E1,9.095770335E0,6.395019022E2,8.700000048E-1,9.492187500E0,1.000000000E1,1.000000000E1
1.563174993E2,4.780555383E1,9.095761953E0,6.396056009E2,8.700000048E-1,9.492187500E0,1.000000000E1,1.000000000E1
1.573175004E2,4.780555484E1,9.095755918E0,6.396246527E2,3.799999952E-1,9.492187500E0,1.000000000E1,1.000000000E1
1.583175029E2,4.780555517E1,9.095748710E0,6.396276604E2,5.400000215E-1,9.492187500E0,1.000000000E1,1.000000000E1
1.593175040E2,4.780555467E1,9.095740831E0,6.397974235E2,4.199999869E-1,9.492187500E0,1.000000000E1,1.000000000E1
1.603175055E2,4.780555765E1,9.095731191E0,6.397906548E2,5.400000215E-1,9.492187500E0,1.000000000E1,1.000000000E1
1.613175076E2,4.780556175E1,9.095720965E0,6.400274349E2,6.899999976E-1,9.492187500E0,1.000000000E1,1.000000000E1
1.623175089E2,4.780556490E1,9.095711242E0,6.400782327E2,6.899999976E-1,9.492187500E0,1.000000000E1,1.000000000E1
1.633175106E2,4.780557047E1,9.095702441E0,6.400140321E2,6.899999976E-1,9.492187500E0,1.000000000E1,1.000000000E1
1.643175122E2,4.780557257E1,9.095693138E0,6.397065842E2,6.600000262E-1,9.492187500E0,1.000000000E1,1.000000000E1
1.653175141E2,4.780557219E1,9.095685510E0,6.395921051E2,4.399999976E-1,9.492187500E0,1.000000000E1,1.000000000E1
1.663175155E2,4.780556942E1,9.095676793E0,6.400449752E2,5.199999809E-1,9.492187500E0,1.000000000E1,1.000000000E1
1.673175170E2,4.780556791E1,9.095665980E0,6.397611357E2,5.199999809E-1,2.956640625E2,1.000000000E1,1.000000000E1
1.683175187E2,4.780556921E1,9.095656509E0,6.399473741E2,6.800000072E-1,3.164062500E2,1.000000000E1,1.000000000E1
1.693175197E2,4.780557001E1,9.095653323E0,6.400024885E2,5.699999928E-1,9.492187500E0,1.000000000E1,1.000000000E1
1.703175216E2,4.780557340E1,9.095654413E0,6.402102554E2,7.799999714E-1,3.522656250E2,1.000000000E1,1.000000000E1
1.713175230E2,4.780557340E1,9.095654413E0,6.401522682E2,0.000000000E0,2.320312500E1,1.000000000E1,1.000000000E1
1.723175242E2,4.780557286E1,9.095665142E0,6.399219477E2,7.799999714E-1,1.406250000E1,1.000000000E1,1.000000000E1
1.733175265E2,4.780556934E1,9.095666902E0,6.400361314E2,1.309999943E0,1.961718750E2,1.000000000E1,1.000000000E1
1.743175278E2,4.780556934E1,9.095666902E0,6.400992917E2,0.000000000E0,1.961718750E2,1.000000000E1,1.000000000E1
1.753175297E2,4.780554051E1,9.095641924E0,6.399625809E2,8.199999928E-1,2.000390625E2,1.000000000E1,1.000000000E1
1.763175310E2,4.780553196E1,9.095634129E0,6.400680783E2,7.200000286E-1,2.000390625E2,1.000000000E1,1.000000000E1
1.773175321E2,4.780553145E1,9.095628764E0,6.399645743E2,3.600000143E-1,2.000390625E2,1.000000000E1,1.000000000E1
1.783175340E2,4.780553426E1,9.095621640E0,6.403851990E2,4.900000095E-1,2.000390625E2,1.000000000E1,1.000000000E1
1.793175356E2,4.780553564E1,9.095615940E0,6.402662581E2,3.600000143E-1,2.000390625E2,1.000000000E1,1.000000000E1
1.803175379E2,4.780554679E1,9.095609821E0,6.399833881E2,4.900000095E-1,2.000390625E2,1.000000000E1,1.000000000E1
1.813175386E2,4.780556251E1,9.095600769E0,6.403153450E2,1.250000000E0,3.339843750E2,1.000000000E1,1.000000000E1
1.823175410E2,4.780557663E1,9.095594985E0,6.401749639E2,1.250000000E0,3.396093750E2,1.000000000E1,1.000000000E1
1.833175418E2,4.780557663E1,9.095594985E0,6.399546538E2,0.000000000E0,3.469921875E2,1.000000000E1,1.000000000E1
1.843175441E2,4.780557663E1,9.095594985E0,6.403226970E2,0.000000000E0,3.469921875E2,1.000000000E1,1.000000000E1
1.853175457E2,4.780561108E1,9.095564559E0,6.400767044E2,1.259999990E0,3.012890625E2,1.000000000E1,1.000000000E1
1.863175476E2,4.780561469E1,9.095549388E0,6.401810969E2,1.259999990E0,2.000390625E2,1.000000000E1,1.000000000E1
1.873175490E2,4.780560060E1,9.095534300E0,6.401586609E2,1.259999990E0,1.954687500E2,1.000000000E1,1.000000000E1
1.883175499E2,4.780558371E1,9.095512507E0,6.399533417E2,2.019999981E0,2.039062500E2,1.000000000E1,1.000000000E1
1.893175515E2,4.780558371E1,9.095512507E0,6.364094550E2,0.000000000E0,2.232421875E2,1.000000000E1,1.000000000E1
1.903175541E2,4.780558371E1,9.095512507E0,6.385810154E2,0.000000000E0,2.232421875E2,1.000000000E1,1.000000000E1
1.913175548E2,4.780558371E1,9.095512507E0,6.399287021E2,0.000000000E0,2.232421875E2,1.000000000E1,1.000000000E1
1.923175579E2,4.780558371E1,9.095512507E0,6.399445801E2,0.000000000E0,2.158593750E2,1.000000000E1,1.000000000E1
1.933175585E2,4.780560727E1,9.095444866E0,6.399351703E2,0.000000000E0,2.633203125E2,1.000000000E1,1.000000000E1
1.943175600E2,4.780560727E1,9.095444866E0,6.412072337E2,0.000000000E0,2.633203125E2,1.000000000E1,1.000000000E1
1.953175611E2,4.780560727E1,9.095444866E0,6.411927715E2,0.000000000E0,2.633203125E2,1.000000000E1,1.000000000E1
1.963175629E2,4.780560727E1,9.095444866E0,6.406718924E2,0.000000000E0,2.000390625E2,1.000000000E1,1.000000000E1
1.973175646E2,4.780560727E1,9.095444866E0,6.401790756E2,0.000000000E0,2.000390625E2,1.000000000E1,1.000000000E1
1.983175662E2,4.780563568E1,9.095438076E0,6.402049950E2,5.600000024E-1,2.091796875E2,1.000000000E1,1.000000000E1
1.993175673E2,4.780563631E1,9.095448218E0,6.401869944E2,5.600000024E-1,1.233984375E2,1.000000000E1,1.000000000E1
2.003175695E2,4.780563631E1,9.095448218E0,6.402083897E2,0.000000000E0,1.177734375E2,1.000000000E1,1.000000000E1
2.013175710E2,4.780565291E1,9.095456768E0,6.401797569E2,3.799999952E-1,1.156640625E2,1.000000000E1,1.000000000E1
2.023175722E2,4.780566317E1,9.095454589E0,6.401902665E2,9.900000095E-1,1.406250000E1,1.000000000E1,1.000000000E1
2.033175745E2,4.780567110E1,9.095448134E0,6.402642561E2,4.699999988E-1,3.318750000E2,1.000000000E1,1.000000000E1
2.043175755E2,4.780567495E1,9.095446961E0,6.404001412E2,9.900000095E-1,1.466015625E2,1.000000000E1,1.000000000E1
2.053175774E2,4.780566820E1,9.095442770E0,6.402809587E2,7.300000191E-1,1.553906250E2,1.000000000E1,1.000000000E1
2.063175787E2,4.780566573E1,9.095436651E0,6.402825364E2,2.199999988E-1,1.501171875E2,1.000000000E1,1.000000000E1
2.073175807E2,4.780566678E1,9.095433466E0,6.402395229E2,4.699999988E-1,1.466015625E2,1.000000000E1,1.000000000E1
2.083175822E2,4.780566473E1,9.095429778E0,6.402391898E2,2.099999934E-1,2.320312500E1,1.000000000E1,1.000000000E1
2.093175839E2,4.780566473E1,9.095429778E0,6.402003190E2,0.000000000E0,1.226953125E2,1.000000000E1,1.000000000E1
2.103175851E2,4.780566473E1,9.095429778E0,6.402719656E2,0.000000000E0,1.226953125E2,1.000000000E1,1.000000000E1
2.113175874E2,4.780566473E1,9.095429778E0,6.402733808E2,0.000000000E0,1.226953125E2,1.000000000E1,1.000000000E1
2.123175890E2,4.780566473E1,9.095429778E0,6.402721788E2,0.000000000E0,3.248437500E2,1.000000000E1,1.000000000E1
2.133175899E2,4.780566288E1,9.095391808E0,6.402502743E2,4.399999976E-1,2.685937500E2,1.000000000E1,1.000000000E1
2.143175917E2,4.780566288E1,9.095391808E0,6.402182379E2,0.000000000E0,2.446875000E2,1.000000000E1,1.000000000E1
2.153175933E2,4.780566883E1,9.095386527E0,6.400170718E2,2.099999934E-1,2.840625000E2,1.000000000E1,1.000000000E1
2.163175952E2,4.780566883E1,9.095386527E0,6.401741132E2,0.000000000E0,3.174609375E2,1.000000000E1,1.000000000E1
2.173175963E2,4.780566883E1,9.095386527E0,6.402973302E2,0.000000000E0,3.174609375E2,1.000000000E1,1.000000000E1
2.183175983E2,4.780566883E1,9.095386527E0,6.402126992E2,0.000000000E0,3.174609375E2,1.000000000E1,1.000000000E1
2.193176003E2,4.780566883E1,9.095386527E0,6.400908601E2,0.000000000E0,2.777343750E2,1.000000000E1,1.000000000E1
2.203176012E2,4.780567281E1,9.095372446E0,6.402568177E2,8.299999833E-1,2.977734375E2,1.000000000E1,1.000000000E1
2.213176032E2,4.780568090E1,9.095358029E0,6.401843504E2,1.139999986E0,2.956640625E2,1.000000000E1,1.000000000E1
2.223176043E2,4.780568354E1,9.095352078E0,6.402972136E2,1.139999986E0,2.886328125E2,1.000000000E1,1.000000000E1
2.233176054E2,4.780568442E1,9.095355179E0,6.401479652E2,1.500000060E-1,2.773828125E2,1.000000000E1,1.000000000E1
2.243176082E2,4.780568442E1,9.095355179E0,6.401548266E2,0.000000000E0,2.239453125E2,1.000000000E1,1.000000000E1
2.253176093E2,4.780568212E1,9.095352246E0,6.401919443E2,7.400000095E-1,2.657812500E2,1.000000000E1,1.000000000E1
2.263176109E2,4.780567918E1,9.095349060E0,6.400113925E2,7.400000095E-1,2.453906250E2,1.000000000E1,1.000000000E1
2.273176126E2,4.780567897E1,9.095342690E0,6.399956559E2,7.400000095E-1,2.766796875E2,1.000000000E1,1.000000000E1
2.283176136E2,4.780567516E1,9.095338248E0,6.398682118E2,3.100000024E-1,2.861718750E2,1.000000000E1,1.000000000E1
2.293176157E2,4.780567319E1,9.095333889E0,6.400171491E2,8.299999833E-1,2.988281250E2,1.000000000E1,1.000000000E1
2.303176173E2,4.780567520E1,9.095326932E0,6.398616968E2,9.200000167E-1,3.041015625E2,1.000000000E1,1.000000000E1
2.313176188E2,4.780568254E1,9.095315617E0,6.397301547E2,9.200000167E-1,3.178125000E2,1.000000000E1,1.000000000E1
2.323176205E2,4.780569281E1,9.095304972E0,6.394482703E2,1.309999943E0,3.266015625E2,1.000000000E1,1.000000000E1
2.333176215E2,4.780569574E1,9.095295249E0,6.395673616E2,7.300000191E-1,3.146484375E2,1.000000000E1,1.000000000E1
2.343176239E2,4.780570068E1,9.095285526E0,6.394331021E2,1.110000014E0,3.100781250E2,1.000000000E1,1.000000000E1
2.353176256E2,4.780570802E1,9.095275300E0,6.392961797E2,1.009999990E0,3.048046875E2,1.000000000E1,1.000000000E1
2.363176271E2,4.780571099E1,9.095265409E0,6.393399551E2,1.009999990E0,3.104296875E2,1.000000000E1,1.000000000E1
2.373176278E2,4.780571321E1,9.095257446E0,6.394702927E2,5.699999928E-1,3.002343750E2,1.000000000E1,1.000000000E1
2.383176295E2,4.780571871E1,9.095247556E0,6.393496432E2,1.210000038E0,3.055078125E2,1.000000000E1,1.000000000E1
2.393176322E2,4.780572684E1,9.095237246E0,6.392922679E2,1.070000052E0,3.220312500E2,1.000000000E1,1.000000000E1
2.403176329E2,4.780573140E1,9.095225511E0,6.392183958E2,1.070000052E0,3.041015625E2,1.000000000E1,1.000000000E1
2.413176351E2,4.780573606E1,9.095211346E0,6.391554343E2,1.299999952E0,2.991796875E2,1.000000000E1,1.000000000E1
2.423176368E2,4.780574096E1,9.095196677E0,6.389755281E2,1.299999952E0,2.935546875E2,1.000000000E1,1.000000000E1
2.433176377E2,4.780574825E1,9.095185110E0,6.390257317E2,1.129999995E0,3.153515625E2,1.000000000E1,1.000000000E1
2.443176389E2,4.780575072E1,9.095183266E0,6.389293451E2,1.039999962E0,3.237890625E2,1.000000000E1,1.000000000E1
2.453176409E2,4.780575370E1,9.095182680E0,6.389991277E2,1.009999990E0,7.031250000E-1,1.000000000E1,1.000000000E1
2.463176423E2,4.780576824E1,9.095189469E0,6.388576543E2,2.470000029E0,1.828125000E1,1.000000000E1,1.000000000E1
2.473176436E2,4.780578756E1,9.095200282E0,6.389348830E2,2.279999971E0,1.828125000E1,1.000000000E1,1.000000000E1
2.483176453E2,4.780580843E1,9.095207993E0,6.388185112E2,2.430000067E0,1.371093750E1,1.000000000E1,1.000000000E1
2.493176481E2,4.780582419E1,9.095213274E0,6.387655210E2,1.620000005E0,1.687500000E1,1.000000000E1,1.000000000E1
2.503176497E2,4.780582553E1,9.095211010E0,6.388647483E2,1.620000005E0,1.652343750E1,1.000000000E1,1.000000000E1
2.513176507E2,4.780582469E1,9.095197599E0,6.388837489E2,9.599999785E-1,3.297656250E2,1.000000000E1,1.000000000E1
2.523176523E2,4.780581757E1,9.095179494E0,6.384914913E2,7.799999714E-1,2.555859375E2,1.000000000E1,1.000000000E1
2.533176544E2,4.780581757E1,9.095179494E0,6.386770035E2,0.000000000E0,2.833593750E2,1.000000000E1,1.000000000E1
2.543176554E2,4.780579921E1,9.095155438E0,6.387200387E2,7.699999809E-1,2.865234375E2,1.000000000E1,1.000000000E1
2.553176571E2,4.780579335E1,9.095141105E0,6.384666206E2,7.699999809E-1,2.875781250E2,1.000000000E1,1.000000000E1
2.563176588E2,4.780578991E1,9.095127024E0,6.385908103E2,7.900000215E-1,2.928515625E2,1.000000000E1,1.000000000E1
2.573176607E2,4.780579125E1,9.095116546E0,6.384857137E2,8.100000024E-1,3.062109375E2,1.000000000E1,1.000000000E1
2.583176624E2,4.780579465E1,9.095105315E0,6.385599897E2,1.059999943E0,3.199218750E2,1.000000000E1,1.000000000E1
2.593176640E2,4.780580441E1,9.095093329E0,6.384088256E2,1.059999943E0,3.304687500E2,1.000000000E1,1.000000000E1
2.603176653E2,4.780581468E1,9.095066423E0,6.384994315E2,1.250000000E0,3.206250000E2,1.000000000E1,1.000000000E1
2.613176670E2,4.780582159E1,9.095044294E0,6.385320695E2,1.039999962E0,3.157031250E2,1.000000000E1,1.000000000E1
2.623176687E2,4.780582989E1,9.095024681E0,6.385651359E2,1.259999990E0,3.209765625E2,1.000000000E1,1.000000000E1
2.633176703E2,4.780583215E1,9.095014203E0,6.385248197E2,1.039999962E0,3.367968750E2,1.000000000E1,1.000000000E1
2.643176720E2,4.780583249E1,9.095014371E0,6.384266286E2,5.299999714E-1,3.515625000E2,1.000000000E1,1.000000000E1
2.653176728E2,4.780583278E1,9.095016886E0,6.384892880E2,2.700000107E-1,3.589453125E2,1.000000000E1,1.000000000E1
2.663176743E2,4.780583278E1,9.095016886E0,6.385066585E2,0.000000000E0,3.578906250E2,1.000000000E1,1.000000000E1
2.673176762E2,4.780582876E1,9.095021579E0,6.384731837E2,1.500000060E-1,3.515625000E-1,1.000000000E1,1.000000000E1
2.683176783E2,4.780583400E1,9.095026106E0,6.384972065E2,1.500000060E-1,1.300781250E1,1.000000000E1,1.000000000E1
2.693176794E2,4.780584318E1,9.095031135E0,6.384717422E2,1.049999952E0,9.140625000E0,1.000000000E1,1.000000000E1
2.703176808E2,4.780584867E1,9.095035996E0,6.384597480E2,1.049999952E0,8.789062500E0,1.000000000E1,1.000000000E1
2.713176823E2,4.780584867E1,9.095035996E0,6.384482453E2,0.000000000E0,5.625000000E0,1.000000000E1,1.000000000E1
2.723176842E2,4.780584867E1,9.095035996E0,6.385015027E2,0.000000000E0,5.625000000E0,1.000000000E1,1.000000000E1
2.733176860E2,4.780584410E1,9.095031638E0,6.384650279E2,1.279999971E0,6.679687500E0,1.000000000E1,1.000000000E1
2.743176875E2,4.780585210E1,9.095034907E0,6.384442051E2,1.279999971E0,9.140625000E0,1.000000000E1,1.000000000E1
2.753176889E2,4.780585357E1,9.095033482E0,6.384231768E2,2.399999946E-1,4.570312500E0,1.000000000E1,1.000000000E1
2.763176903E2,4.780585805E1,9.095029207E0,6.383748489E2,9.900000095E-1,3.508593750E2,1.000000000E1,1.000000000E1
2.773176928E2,4.780586367E1,9.095019316E0,6.385054668E2,9.599999785E-1,3.301171875E2,1.000000000E1,1.000000000E1
2.783176938E2,4.780586648E1,9.095011354E0,6.385383019E2,9.599999785E-1,3.332812500E2,1.000000000E1,1.000000000E1
2.793176961E2,4.780586996E1,9.095003475E0,6.387092528E2,8.899999857E-1,3.248437500E2,1.000000000E1,1.000000000E1
2.803176975E2,4.780587385E1,9.094989644E0,6.385523734E2,8.899999857E-1,3.160546875E2,1.000000000E1,1.000000000E1
2.813176985E2,4.780587285E1,9.094984951E0,6.386365792E2,5.500000119E-1,3.146484375E2,1.000000000E1,1.000000000E1
2.823177006E2,4.780587071E1,9.094980592E0,6.385904861E2,7.900000215E-1,3.132421875E2,1.000000000E1,1.000000000E1
2.833177019E2,4.780587151E1,9.094969947E0,6.387168669E2,7.900000215E-1,3.167578125E2,1.000000000E1,1.000000000E1
2.843177040E2,4.780586924E1,9.094959386E0,6.392542261E2,7.900000215E-1,3.044531250E2,1.000000000E1,1.000000000E1
2.853177048E2,4.780586438E1,9.094943041E0,6.392496997E2,9.300000072E-1,2.981250000E2,1.000000000E1,1.000000000E1
2.863177063E2,4.780586354E1,9.094923427E0,6.389726310E2,1.289999962E0,2.956640625E2,1.000000000E1,1.000000000E1
2.873177077E2,4.780586220E1,9.094896521E0,6.392465052E2,1.289999962E0,2.970703125E2,1.000000000E1,1.000000000E1
2.883177097E2,4.780586631E1,9.094867939E0,6.388463483E2,1.620000005E0,3.016406250E2,1.000000000E1,1.000000000E1
2.893177110E2,4.780586648E1,9.094851343E0,6.392688617E2,7.500000000E-1,2.942578125E2,1.000000000E1,1.000000000E1
2.903177125E2,4.780586300E1,9.094839273E0,6.391747648E2,8.299999833E-1,2.921484375E2,1.000000000E1,1.000000000E1
2.913177149E2,4.780585449E1,9.094822928E0,6.393570989E2,8.299999833E-1,2.538281250E2,1.000000000E1,1.000000000E1
2.923177166E2,4.780584703E1,9.094804656E0,6.394804490E2,8.999999762E-1,2.594531250E2,1.000000000E1,1.000000000E1
2.933177180E2,4.780584552E1,9.094789736E0,6.395339100E2,8.700000048E-1,2.685937500E2,1.000000000E1,1.000000000E1
2.943177197E2,4.780584573E1,9.094773056E0,6.393680774E2,1.309999943E0,2.879296875E2,1.000000000E1,1.000000000E1
2.953177214E2,4.780584594E1,9.094752856E0,6.397517301E2,1.309999943E0,2.816015625E2,1.000000000E1,1.000000000E1
2.963177227E2,4.780584506E1,9.094731901E0,6.397843327E2,1.350000024E0,2.773828125E2,1.000000000E1,1.000000000E1
2.973177238E2,4.780584267E1,9.094714215E0,6.399918678E2,1.070000052E0,2.787890625E2,1.000000000E1,1.000000000E1
2.983177254E2,4.780583949E1,9.094700050E0,6.401023180E2,1.080000043E0,2.721093750E2,1.000000000E1,1.000000000E1
2.993177273E2,4.780583655E1,9.094684208E0,6.405880858E2,1.080000043E0,2.661328125E2,1.000000000E1,1.000000000E1
3.003177291E2,4.780583647E1,9.094660738E0,6.405031615E2,1.169999957E0,2.675390625E2,1.000000000E1,1.000000000E1
3.013177305E2,4.780583731E1,9.094631067E0,6.408371817E2,1.740000010E0,2.794921875E2,1.000000000E1,1.000000000E1
3.023177320E2,4.780583848E1,9.094607597E0,6.407935777E2,1.740000010E0,2.861718750E2,1.000000000E1,1.000000000E1
3.033177336E2,4.780584301E1,9.094590414E0,6.408591571E2,1.580000043E0,3.019921875E2,1.000000000E1,1.000000000E1
3.043177350E2,4.780584862E1,9.094575746E0,6.412298560E2,1.389999986E0,3.076171875E2,1.000000000E1,1.000000000E1
3.053177364E2,4.780585177E1,9.094564430E0,6.412018381E2,8.799999952E-1,3.107812500E2,1.000000000E1,1.000000000E1
3.063177385E2,4.780585110E1,9.094554037E0,6.411129289E2,8.799999952E-1,2.967187500E2,1.000000000E1,1.000000000E1
3.073177406E2,4.780585160E1,9.094536854E0,6.412935976E2,8.799999952E-1,2.844140625E2,1.000000000E1,1.000000000E1
3.083177416E2,4.780585294E1,9.094516821E0,6.410711337E2,1.419999957E0,2.903906250E2,1.000000000E1,1.000000000E1
3.093177435E2,4.780585537E1,9.094504165E0,6.413471911E2,1.169999957E0,3.065625000E2,1.000000000E1,1.000000000E1
3.103177445E2,4.780586023E1,9.094495866E0,6.411801111E2,1.169999957E0,3.273046875E2,1.000000000E1,1.000000000E1
3.113177466E2,4.780586237E1,9.094489161E0,6.411332173E2,9.100000262E-1,3.297656250E2,1.000000000E1,1.000000000E1
3.123177484E2,4.780586380E1,9.094477342E0,6.412621308E2,9.100000262E-1,3.100781250E2,1.000000000E1,1.000000000E1
3.133177500E2,4.780586723E1,9.094461836E0,6.413045673E2,1.169999957E0,2.995312500E2,1.000000000E1,1.000000000E1
3.143177514E2,4.780586338E1,9.094439121E0,6.411079181E2,1.169999957E0,2.925000000E2,1.000000000E1,1.000000000E1
3.153177531E2,4.780585776E1,9.094411628E0,6.409290026E2,1.169999957E0,2.717578125E2,1.000000000E1,1.000000000E1
3.163177546E2,4.780585038E1,9.094387069E0,6.412123564E2,1.019999981E0,2.485546875E2,1.000000000E1,1.000000000E1
3.173177561E2,4.780584406E1,9.094365193E0,6.409400314E2,9.599999785E-1,2.548828125E2,1.000000000E1,1.000000000E1
3.183177581E2,4.780583903E1,9.094345495E0,6.407097959E2,9.599999785E-1,2.784375000E2,1.000000000E1,1.000000000E1
3.193177609E2,4.780583647E1,9.094329234E0,6.407128718E2,6.299999952E-1,3.044531250E2,1.000000000E1,1.000000000E1
3.203177611E2,4.780583295E1,9.094315656E0,6.408458684E2,6.299999952E-1,3.048046875E2,1.000000000E1,1.000000000E1
3.213177623E2,4.780582809E1,9.094299898E0,6.407715011E2,5.699999928E-1,2.801953125E2,1.000000000E1,1.000000000E1
3.223177639E2,4.780582365E1,9.094285062E0,6.405823127E2,5.699999928E-1,2.591015625E2,1.000000000E1,1.000000000E1
3.233177652E2,4.780582004E1,9.094272321E0,6.399959815E2,5.000000000E-1,2.548828125E2,1.000000000E1,1.000000000E1
3.243177671E2,4.780581987E1,9.094260754E0,6.399979183E2,5.000000000E-1,2.791406250E2,1.000000000E1,1.000000000E1
3.253177689E2,4.780582210E1,9.094249941E0,6.398037990E2,6.299999952E-1,2.963671875E2,1.000000000E1,1.000000000E1
3.263177704E2,4.780582365E1,9.094238877E0,6.397296759E2,6.399999857E-1,2.981250000E2,1.000000000E1,1.000000000E1
3.273177723E2,4.780582365E1,9.094238877E0,6.393646760E2,0.000000000E0,2.826562500E2,1.000000000E1,1.000000000E1
3.283177738E2,4.780582365E1,9.094238877E0,6.392114093E2,0.000000000E0,2.826562500E2,1.000000000E1,1.000000000E1
3.293177752E2,4.780584401E1,9.094214737E0,6.389316341E2,4.000000060E-1,3.086718750E2,1.000000000E1,1.000000000E1
3.303177766E2,4.780584883E1,9.094214821E0,6.386172137E2,4.499999881E-1,7.699218750E1,1.000000000E1,1.000000000E1
3.313177785E2,4.780584883E1,9.094214821E0,6.384828178E2,0.000000000E0,1.026562500E2,1.000000000E1,1.000000000E1
3.323177795E2,4.780585164E1,9.094213396E0,6.380256575E2,4.000000060E-1,1.659375000E2,1.000000000E1,1.000000000E1
3.333177810E2,4.780585026E1,9.094205434E0,6.377890812E2,6.800000072E-1,2.397656250E2,1.000000000E1,1.000000000E1
3.343177832E2,4.780585026E1,9.094205434E0,6.376172678E2,0.000000000E0,2.576953125E2,1.000000000E1,1.000000000E1
3.353177847E2,4.780585026E1,9.094205434E0,6.376750260E2,0.000000000E0,2.576953125E2,1.000000000E1,1.000000000E1
3.363177859E2,4.780585026E1,9.094205434E0,6.372472461E2,0.000000000E0,2.882812500E2,1.000000000E1,1.000000000E1
3.373177878E2,4.780588592E1,9.094167715E0,6.371861470E2,1.720000029E0,3.202734375E2,1.000000000E1,1.000000000E1
3.383177900E2,4.780591388E1,9.094149191E0,6.369588774E2,3.299999952E0,3.367968750E2,1.000000000E1,1.000000000E1
3.393177921E2,4.780593605E1,9.094135277E0,6.369662811E2,1.720000029E0,3.343359375E2,1.000000000E1,1.000000000E1
3.403177924E2,4.780594506E1,9.094117088E0,6.369174312E2,1.809999943E0,3.142968750E2,1.000000000E1,1.000000000E1
3.413177946E2,4.780594862E1,9.094089093E0,6.367575735E2,1.809999943E0,2.724609375E2,1.000000000E1,1.000000000E1
3.423177953E2,4.780594133E1,9.094060678E0,6.363090747E2,1.809999943E0,2.517187500E2,1.000000000E1,1.000000000E1
3.433177974E2,4.780593358E1,9.094035281E0,6.360928138E2,1.529999971E0,2.499609375E2,1.000000000E1,1.000000000E1
3.443177990E2,4.780591924E1,9.094007453E0,6.360735582E2,1.529999971E0,2.313281250E2,1.000000000E1,1.000000000E1
3.453178009E2,4.780590177E1,9.093977362E0,6.359825366E2,2.319999933E0,2.271093750E2,1.000000000E1,1.000000000E1
3.463178023E2,4.780588911E1,9.093951462E0,6.361680456E2,2.319999933E0,2.253515625E2,1.000000000E1,1.000000000E1
3.473178043E2,4.780588639E1,9.093928160E0,6.362021642E2,1.960000038E0,2.404687500E2,1.000000000E1,1.000000000E1
3.483178059E2,4.780588270E1,9.093906619E0,6.361480619E2,1.960000038E0,2.506640625E2,1.000000000E1,1.000000000E1
3.493178067E2,4.780588303E1,9.093886334E0,6.362627640E2,1.450000048E0,2.612109375E2,1.000000000E1,1.000000000E1
3.503178080E2,4.780588366E1,9.093874516E0,6.365086602E2,1.450000048E0,2.591015625E2,1.000000000E1,1.000000000E1
3.513178102E2,4.780588312E1,9.093861273E0,6.364581841E2,1.149999976E0,2.636718750E2,1.000000000E1,1.000000000E1
3.523178115E2,4.780588454E1,9.093850208E0,6.364260969E2,1.059999943E0,2.661328125E2,1.000000000E1,1.000000000E1
3.533178130E2,4.780588940E1,9.093842497E0,6.376953092E2,8.600000143E-1,2.700000000E2,1.000000000E1,1.000000000E1
3.543178153E2,4.780589565E1,9.093842581E0,6.374292378E2,8.600000143E-1,2.854687500E2,1.000000000E1,1.000000000E1
3.553178173E2,4.780590189E1,9.093844593E0,6.375192370E2,5.500000119E-1,3.012890625E2,1.000000000E1,1.000000000E1
3.563178182E2,4.780591032E1,9.093840737E0,6.375525390E2,5.500000119E-1,3.164062500E2,1.000000000E1,1.000000000E1
3.573178198E2,4.780591656E1,9.093834031E0,6.375340895E2,8.399999738E-1,2.988281250E2,1.000000000E1,1.000000000E1
3.583178219E2,4.780591849E1,9.093822213E0,6.374088213E2,1.360000014E0,2.773828125E2,1.000000000E1,1.000000000E1
3.593178234E2,4.780591752E1,9.093806036E0,6.371738237E2,1.200000048E0,2.594531250E2,1.000000000E1,1.000000000E1
3.603178251E2,4.780591170E1,9.093787847E0,6.372050965E2,1.360000014E0,2.510156250E2,1.000000000E1,1.000000000E1
3.613178258E2,4.780590105E1,9.093771167E0,6.369605169E2,1.350000024E0,2.348437500E2,1.000000000E1,1.000000000E1
3.623178276E2,4.780588680E1,9.093760187E0,6.364366776E2,1.350000024E0,2.214843750E2,1.000000000E1,1.000000000E1
3.633178291E2,4.780587352E1,9.093746440E0,6.368504680E2,1.350000024E0,2.172656250E2,1.000000000E1,1.000000000E1
3.643178315E2,4.780585994E1,9.093729425E0,6.362835646E2,1.490000010E0,2.232421875E2,1.000000000E1,1.000000000E1
3.653178324E2,4.780585504E1,9.093710566E0,6.362136291E2,9.900000095E-1,2.337890625E2,1.000000000E1,1.000000000E1
3.663178335E2,4.780585810E1,9.093694389E0,6.365162289E2,9.900000095E-1,2.457421875E2,1.000000000E1,1.000000000E1
3.673178353E2,4.780586199E1,9.093681732E0,6.366508279E2,5.600000024E-1,2.721093750E2,1.000000000E1,1.000000000E1
3.683178371E2,4.780586715E1,9.093669495E0,6.369749881E2,4.000000060E-1,2.731640625E2,1.000000000E1,1.000000000E1
3.693178391E2,4.780586849E1,9.093653904E0,6.373115585E2,9.100000262E-1,2.576953125E2,1.000000000E1,1.000000000E1
3.703178403E2,4.780586841E1,9.093635716E0,6.373752178E2,1.129999995E0,2.527734375E2,1.000000000E1,1.000000000E1
3.713178420E2,4.780586975E1,9.093612749E0,6.376459088E2,1.129999995E0,2.640234375E2,1.000000000E1,1.000000000E1
3.723178434E2,4.780587105E1,9.093594728E0,6.376748706E2,1.129999995E0,2.780859375E2,1.000000000E1,1.000000000E1
3.733178450E2,4.780587230E1,9.093578719E0,6.377928600E2,8.399999738E-1,2.872265625E2,1.000000000E1,1.000000000E1
3.743178469E2,4.780586929E1,9.093561284E0,6.376749247E2,1.159999967E0,2.759765625E2,1.000000000E1,1.000000000E1
3.753178482E2,4.780586459E1,9.093540246E0,6.380677530E2,1.159999967E0,2.605078125E2,1.000000000E1,1.000000000E1
3.763178512E2,4.780585931E1,9.093516273E0,6.377832855E2,1.240000010E0,2.594531250E2,1.000000000E1,1.000000000E1
3.773178519E2,4.780585655E1,9.093489787E0,6.380281459E2,1.379999995E0,2.671875000E2,1.000000000E1,1.000000000E1
3.783178533E2,4.780585416E1,9.093468497E0,6.382104184E2,1.379999995E0,2.696484375E2,1.000000000E1,1.000000000E1
3.793178556E2,4.780585466E1,9.093452487E0,6.382864884E2,7.500000000E-1,2.777343750E2,1.000000000E1,1.000000000E1
3.803178570E2,4.780585361E1,9.093434382E0,6.386680882E2,7.500000000E-1,2.756250000E2,1.000000000E1,1.000000000E1
3.813178579E2,4.780585282E1,9.093409572E0,6.387580978E2,1.470000029E0,2.763281250E2,1.000000000E1,1.000000000E1
3.823178596E2,4.780585043E1,9.093378643E0,6.392797989E2,2.000000000E0,2.647265625E2,1.000000000E1,1.000000000E1
3.833178612E2,4.780585290E1,9.093351904E0,6.394689125E2,1.480000019E0,2.724609375E2,1.000000000E1,1.000000000E1
3.843178633E2,4.780586032E1,9.093332542E0,6.394947771E2,1.480000019E0,2.854687500E2,1.000000000E1,1.000000000E1
3.853178644E2,4.780586551E1,9.093314102E0,6.400628224E2,9.900000095E-1,2.953125000E2,1.000000000E1,1.000000000E1
3.863178656E2,4.780586962E1,9.093297841E0,6.399464626E2,9.900000095E-1,2.780859375E2,1.000000000E1,1.000000000E1
3.873178680E2,4.780587084E1,9.093281999E0,6.403366524E2,9.900000095E-1,2.538281250E2,1.000000000E1,1.000000000E1
3.883178691E2,4.780586753E1,9.093266912E0,6.403917888E2,1.029999971E0,2.366015625E2,1.000000000E1,1.000000000E1
3.893178716E2,4.780586325E1,9.093254507E0,6.406718763E2,1.039999962E0,2.295703125E2,1.000000000E1,1.000000000E1
3.903178725E2,4.780586053E1,9.093244532E0,6.406744223E2,1.039999962E0,2.271093750E2,1.000000000E1,1.000000000E1
3.913178738E2,4.780586011E1,9.093237575E0,6.414517450E2,6.800000072E-1,2.506640625E2,1.000000000E1,1.000000000E1
3.923178762E2,4.780586442E1,9.093229361E0,6.413584801E2,6.800000072E-1,2.928515625E2,1.000000000E1,1.000000000E1
3.933178768E2,4.780587184E1,9.093224164E0,6.416282002E2,5.799999833E-1,3.174609375E2,1.000000000E1,1.000000000E1
3.943178796E2,4.780587955E1,9.093223158E0,6.426256672E2,5.799999833E-1,3.220312500E2,1.000000000E1,1.000000000E1
3.953178803E2,4.780588647E1,9.093221398E0,6.420404023E2,5.799999833E-1,3.258984375E2,1.000000000E1,1.000000000E1
3.963178823E2,4.780589259E1,9.093216788E0,6.426218660E2,5.899999738E-1,3.030468750E2,1.000000000E1,1.000000000E1
3.973178838E2,4.780589766E1,9.093208741E0,6.428645611E2,4.600000083E-1,2.921484375E2,1.000000000E1,1.000000000E1
3.983178856E2,4.780589766E1,9.093208741E0,6.434764386E2,0.000000000E0,3.033984375E2,1.000000000E1,1.000000000E1
3.993178871E2,4.780590143E1,9.093200024E0,6.436599397E2,4.600000083E-1,2.682421875E2,1.000000000E1,1.000000000E1
4.003178889E2,4.780589950E1,9.093191056E0,6.438233148E2,5.600000024E-1,2.682421875E2,1.000000000E1,1.000000000E1
4.013178899E2,4.780589674E1,9.093184434E0,6.444240113E2,3.199999928E-1,2.682421875E2,1.000000000E1,1.000000000E1
4.023178918E2,4.780589636E1,9.093178064E0,6.446427649E2,5.299999714E-1,2.682421875E2,1.000000000E1,1.000000000E1
4.033178930E2,4.780589611E1,9.093168508E0,6.448982017E2,5.299999714E-1,2.682421875E2,1.000000000E1,1.000000000E1
4.043178945E2,4.780588898E1,9.093158450E0,6.452135059E2,5.299999714E-1,2.682421875E2,1.000000000E1,1.000000000E1
4.053178961E2,4.780588186E1,9.093149565E0,6.455726630E2,6.000000238E-1,2.682421875E2,1.000000000E1,1.000000000E1
4.063178973E2,4.780588186E1,9.093149565E0,6.460845433E2,0.000000000E0,2.682421875E2,1.000000000E1,1.000000000E1
4.073179001E2,4.780588186E1,9.093149565E0,6.459713260E2,0.000000000E0,2.682421875E2,1.000000000E1,1.000000000E1
4.083179014E2,4.780588186E1,9.093149565E0,6.464550685E2,0.000000000E0,2.682421875E2,1.000000000E1,1.000000000E1
4.093179024E2,4.780588186E1,9.093149565E0,6.468262437E2,0.000000000E0,2.682421875E2,1.000000000E1,1.000000000E1
4.103179044E2,4.780588186E1,9.093149565E0,6.468498629E2,0.000000000E0,2.682421875E2,1.000000000E1,1.000000000E1
4.113179058E2,4.780588186E1,9.093149565E0,6.472949535E2,0.000000000E0,2.682421875E2,1.000000000E1,1.000000000E1
4.123179082E2,4.780588186E1,9.093149565E0,6.477482818E2,0.000000000E0,2.682421875E2,1.000000000E1,1.000000000E1
4.133179098E2,4.780588186E1,9.093149565E0,6.475375190E2,0.000000000E0,2.682421875E2,1.000000000E1,1.000000000E1
4.143179114E2,4.780588186E1,9.093149565E0,6.483317820E2,0.000000000E0,2.682421875E2,1.000000000E1,1.000000000E1
4.153179123E2,4.780588186E1,9.093149565E0,6.482847663E2,0.000000000E0,2.682421875E2,1.000000000E1,1.000000000E1
4.163179138E2,4.780588186E1,9.093149565E0,6.483091656E2,0.000000000E0,2.682421875E2,1.000000000E1,1.000000000E1
4.173179157E2,4.780588186E1,9.093149565E0,6.491645420E2,0.000000000E0,2.682421875E2,1.000000000E1,1.000000000E1
4.183179178E2,4.780590692E1,9.093095921E0,6.493422987E2,5.400000215E-1,2.682421875E2,1.000000000E1,1.000000000E1
4.193179190E2,4.780590596E1,9.093085444E0,6.500754587E2,5.400000215E-1,2.682421875E2,1.000000000E1,1.000000000E1
4.203179202E2,4.780590856E1,9.093072368E0,6.499021342E2,5.899999738E-1,2.682421875E2,1.000000000E1,1.000000000E1
4.213179218E2,4.780590927E1,9.093061052E0,6.501134413E2,5.199999809E-1,2.682421875E2,1.000000000E1,1.000000000E1
4.223179239E2,4.780590671E1,9.093043786E0,6.503389961E2,8.600000143E-1,2.552343750E2,1.000000000E1,1.000000000E1
4.233179253E2,4.780590671E1,9.093043786E0,6.504259144E2,0.000000000E0,2.682421875E2,1.000000000E1,1.000000000E1
4.243179274E2,4.780590977E1,9.093017550E0,6.509883475E2,8.600000143E-1,2.735156250E2,1.000000000E1,1.000000000E1
4.253179278E2,4.780591182E1,9.093000703E0,6.512283752E2,3.400000036E-1,2.682421875E2,1.000000000E1,1.000000000E1
4.263179297E2,4.780591371E1,9.092986537E0,6.516144471E2,3.400000036E-1,2.682421875E2,1.000000000E1,1.000000000E1
4.273179315E2,4.780591384E1,9.092965079E0,6.518624937E2,3.400000036E-1,2.647265625E2,1.000000000E1,1.000000000E1
4.283179334E2,4.780591011E1,9.092942867E0,6.519189291E2,6.899999976E-1,2.633203125E2,1.000000000E1,1.000000000E1
4.293179352E2,4.780590604E1,9.092923589E0,6.519346765E2,6.200000048E-1,2.636718750E2,1.000000000E1,1.000000000E1
4.303179362E2,4.780590604E1,9.092923589E0,6.520927683E2,0.000000000E0,2.636718750E2,1.000000000E1,1.000000000E1
4.313179382E2,4.780590059E1,9.092879081E0,6.521714271E2,6.200000048E-1,2.636718750E2,1.000000000E1,1.000000000E1
4.323179399E2,4.780589481E1,9.092862653E0,6.522716407E2,6.899999976E-1,2.541796875E2,1.000000000E1,1.000000000E1
4.333179411E2,4.780589355E1,9.092850918E0,6.522910237E2,3.799999952E-1,2.541796875E2,1.000000000E1,1.000000000E1
4.343179425E2,4.780589309E1,9.092840021E0,6.524790598E2,5.099999905E-1,2.541796875E2,1.000000000E1,1.000000000E1
4.353179439E2,4.780589267E1,9.092827030E0,6.524824447E2,5.099999905E-1,2.541796875E2,1.000000000E1,1.000000000E1
4.363179461E2,4.780589175E1,9.092815127E0,6.523753231E2,5.699999928E-1,2.541796875E2,1.000000000E1,1.000000000E1
4.373163660E2,4.780588882E1,9.092798196E0,6.523937503E2,6.600000262E-1,2.541796875E2,5.000000000E0,5.000000000E0
4.383163995E2,4.780589007E1,9.092782186E0,6.524423207E2,7.500000000E-1,2.541796875E2,5.000000000E0,5.000000000E0
4.393164438E2,4.780589175E1,9.092769781E0,6.525743185E2,7.500000000E-1,2.541796875E2,5.000000000E0,5.000000000E0
4.403164892E2,4.780589355E1,9.092760393E0,6.524276616E2,6.800000072E-1,2.541796875E2,5.000000000E0,5.000000000E0
4.413165312E2,4.780589967E1,9.092753269E0,6.524267964E2,6.800000072E-1,2.541796875E2,5.000000000E0,5.000000000E0
4.423165721E2,4.780590629E1,9.092742959E0,6.526162875E2,9.700000286E-1,2.541796875E2,5.000000000E0,5.000000000E0
4.433166102E2,4.780591178E1,9.092735499E0,6.524503020E2,9.700000286E-1,2.541796875E2,5.000000000E0,5.000000000E0
4.443166420E2,4.780591237E1,9.092724267E0,6.524655905E2,9.700000286E-1,2.851171875E2,5.000000000E0,5.000000000E0
4.453166720E2,4.780591149E1,9.092702391E0,6.524166736E2,9.700000286E-1,2.650781250E2,5.000000000E0,5.000000000E0
4.463167031E2,4.780590797E1,9.092680682E0,6.525725774E2,1.200000048E0,2.496093750E2,5.000000000E0,5.000000000E0
4.473167354E2,4.780590788E1,9.092667187E0,6.523684302E2,1.200000048E0,2.541796875E2,5.000000000E0,5.000000000E0
4.483167666E2,4.780591358E1,9.092655955E0,6.453446396E2,1.200000048E0,3.139453125E2,5.000000000E0,5.000000000E0
4.493167953E2,4.780592465E1,9.092644053E0,6.427688430E2,1.220000029E0,3.378515625E2,5.000000000E0,5.000000000E0
4.503168241E2,4.780592859E1,9.092629049E0,6.413449731E2,1.330000043E0,3.012890625E2,5.000000000E0,5.000000000E0
4.513168508E2,4.780592859E1,9.092629049E0,6.404547856E2,0.000000000E0,2.130468750E2,5.000000000E0,5.000000000E0
4.523168752E2,4.780591987E1,9.092606837E0,6.399859507E2,7.799999714E-1,2.460937500E2,5.000000000E0,5.000000000E0
4.533168982E2,4.780591296E1,9.092591163E0,6.398353379E2,7.799999714E-1,2.155078125E2,5.000000000E0,5.000000000E0
4.543169203E2,4.780590952E1,9.092583284E0,6.398608394E2,4.000000060E-1,2.545312500E2,5.000000000E0,5.000000000E0
4.553169422E2,4.780590906E1,9.092578590E0,6.400998328E2,5.899999738E-1,2.039062500E2,5.000000000E0,5.000000000E0
4.563169616E2,4.780590906E1,9.092578590E0,6.398377660E2,0.000000000E0,2.214843750E1,5.000000000E0,5.000000000E0
4.573169812E2,4.780590906E1,9.092578590E0,6.396857734E2,0.000000000E0,2.214843750E1,5.000000000E0,5.000000000E0
4.583169991E2,4.780590906E1,9.092578590E0,6.398914651E2,0.000000000E0,2.214843750E1,5.000000000E0,5.000000000E0
4.593170159E2,4.780591731E1,9.092565179E0,6.396565002E2,2.800000012E-1,2.545312500E2,5.000000000E0,5.000000000E0
4.603170322E2,4.780591815E1,9.092571884E0,6.389354415E2,2.800000012E-1,3.269531250E2,5.000000000E0,5.000000000E0
4.613170478E2,4.780591937E1,9.092571298E0,6.394161443E2,2.099999934E-1,2.545312500E2,5.000000000E0,5.000000000E0
4.623170626E2,4.780591937E1,9.092571298E0,6.382734535E2,0.000000000E0,2.545312500E2,5.000000000E0,5.000000000E0
4.633170767E2,4.780591937E1,9.092571298E0,6.385047153E2,0.000000000E0,2.545312500E2,5.000000000E0,5.000000000E0
4.643170899E2,4.780591937E1,9.092571298E0,6.392656551E2,0.000000000E0,2.545312500E2,5.000000000E0,5.000000000E0
4.653171030E2,4.780591937E1,9.092571298E0,6.390360224E2,0.000000000E0,2.545312500E2,5.000000000E0,5.000000000E0
4.663171142E2,4.780591937E1,9.092571298E0,6.385621640E2,0.000000000E0,2.545312500E2,5.000000000E0,5.000000000E0
4.673171268E2,4.780591937E1,9.092571298E0,6.397474532E2,0.000000000E0,2.545312500E2,5.000000000E0,5.000000000E0
4.683171378E2,4.780591937E1,9.092571298E0,6.397283214E2,0.000000000E0,1.054687500E0,5.000000000E0,5.000000000E0
4.693171483E2,4.780591937E1,9.092571298E0,6.392386796E2,0.000000000E0,1.335937500E1,5.000000000E0,5.000000000E0
4.703171580E2,4.780591937E1,9.092571298E0,6.382740353E2,0.000000000E0,1.335937500E1,5.000000000E0,5.000000000E0
4.713171679E2,4.780591937E1,9.092571298E0,6.387955970E2,0.000000000E0,1.335937500E1,5.000000000E0,5.000000000E0
4.723171775E2,4.780591937E1,9.092571298E0,6.405208555E2,0.000000000E0,1.335937500E1,5.000000000E0,5.000000000E0
4.733171864E2,4.780591937E1,9.092571298E0,6.395762391E2,0.000000000E0,1.335937500E1,5.000000000E0,5.000000000E0
4.743171952E2,4.780591937E1,9.092571298E0,6.391671172E2,0.000000000E0,1.335937500E1,5.000000000E0,5.000000000E0
4.753172040E2,4.780591937E1,9.092571298E0,6.397923244E2,0.000000000E0,1.335937500E1,5.000000000E0,5.000000000E0
4.763172110E2,4.780591937E1,9.092571298E0,6.408438520E2,0.000000000E0,1.335937500E1,5.000000000E0,5.000000000E0
4.773172184E2,4.780591937E1,9.092571298E0,6.406215077E2,0.000000000E0,1.335937500E1,5.000000000E0,5.000000000E0
4.783172261E2,4.780591937E1,9.092571298E0,6.399047036E2,0.000000000E0,1.335937500E1,5.000000000E0,5.000000000E0
4.793172338E2,4.780591937E1,9.092571298E0,6.399012678E2,0.000000000E0,1.335937500E1,5.000000000E0,5.000000000E0
4.803172408E2,4.780591937E1,9.092571298E0,6.399025110E2,0.000000000E0,1.335937500E1,5.000000000E0,5.000000000E0
4.813172473E2,4.780591937E1,9.092571298E0,6.398548466E2,0.000000000E0,1.335937500E1,5.000000000E0,5.000000000E0
4.823172538E2,4.780591937E1,9.092571298E0,6.400506523E2,0.000000000E0,1.335937500E1,5.000000000E0,5.000000000E0
4.833172593E2,4.780591937E1,9.092571298E0,6.389156141E2,0.000000000E0,1.335937500E1,5.000000000E0,5.000000000E0